{
	"Queues": [
		{
			"name": "SO_WF",
			"owner": "#rdp/RDP1",
			"access-type": "non-exclusive",
			"redelivery": true,
			"try-forever": false,
			"max-redelivery-count": 3,
			"non-owner-permission": "consume",
			"subscriptions": [
				"sap.com/bpasalesorder/rejected/V1"
			]
		},
		{
			"name": "SORJECTED",
			"access-type": "exclusive",
			"owner": "",
			"redelivery": true,
			"non-owner-permission": "consume",
			"subscriptions": [
				"sap.com/salesorder/rejected/V1"
			]
		}
	]
}