{
	"orderHeader": [
		{
			"salesOrderNumber": "SO1001",
			"creator": "John Doe",
			"date": "2023-08-04",
			"salesType": "Online",
			"ordertype": "Standard",
			"salesOrg": "SA01",
			"distributionChannel": "DC01",
			"division": "DV01",
			"netvalue": 375,
			"currency": "USD",
			"customer": [
				{
					"customerId": "CUST001",
					"customerName": "ABC Corp",
					"zipCode": "12345",
					"street": "Main Street",
					"phone": "555-123-4567",
					"country": "USA",
					"city": "New York",
					"emailAddress": [
						{
							"email": "john.doe@abccorp.com"
						}
					]
				}
			],
			"orderItem": [
				{
					"item": "ITEM001",
					"material": "MAT001",
					"materialType": "Product",
					"itemType": "Standard",
					"itemDescription": "Rocky Ridge Mountain bike",
					"orderSchedule": [
						{
							"scheduleNumber": "SCH001",
							"quantity": 100,
							"uom": "EA"
						}
					]
				}
			]
		}
	]
}